pctprivatecoverage,povertypercent
75.1,11.2
70.2,18.6
63.7,14.6
58.4,17.1
61.6,12.5
60.0,15.6
49.5,23.2
55.8,17.8
55.5,22.3
69.9,13.1
67.2,12.7
64.4,15.7
64.4,12.6
73.3,9.9
65.2,16.3
58.3,19.3
74.5,11.9
64.7,13.9
65.7,15.7
68.7,15.7
78.3,28.4
54.6,20.5
55.6,21.5
70.0,13.2
60.2,22.1
56.1,22.2
68.3,15.1
63.3,21.9
52.4,21.8
48.7,25.1
55.2,17.4
53.4,21.4
61.3,28.9
65.1,17.0
61.9,21.1
50.5,21.2
69.5,12.9
65.8,15.3
64.0,13.9
66.9,16.7
73.3,10.2
66.0,16.8
56.4,20.0
51.7,24.4
56.1,20.2
39.7,34.9
67.6,17.9
70.3,15.2
59.6,20.6
56.4,20.5
58.6,16.1
51.6,28.1
76.5,22.5
60.5,19.3
63.7,13.0
61.6,19.6
70.9,18.4
59.8,16.7
71.6,16.5
60.0,17.6
63.5,17.6
73.6,10.0
60.6,17.7
59.6,20.8
57.4,17.7
51.6,23.1
60.2,25.8
63.7,16.8
68.0,17.1
62.3,15.8
59.7,19.7
54.6,20.0
45.1,26.1
63.5,18.5
61.6,20.3
63.0,17.2
54.6,22.8
63.9,17.8
62.7,14.9
68.4,13.7
65.9,13.6
72.5,12.0
73.4,10.5
64.2,16.5
84.1,5.9
73.4,10.7
56.6,16.0
78.2,8.8
67.4,14.7
82.5,13.4
77.7,9.9
75.8,11.0
66.5,13.9
72.4,13.9
74.8,14.4
68.9,12.8
77.1,9.9
59.8,17.0
74.8,15.0
78.2,8.7
83.4,8.2
64.9,16.0
75.6,12.1
76.1,9.2
74.0,10.7
39.9,34.0
70.5,12.3
82.4,7.4
82.7,13.6
69.1,12.7
77.4,10.6
63.0,13.2
62.9,15.6
70.7,10.3
73.0,10.8
56.5,14.0
76.4,9.8
69.4,10.7
69.1,11.0
64.1,15.1
61.1,13.7
58.1,19.0
53.1,16.8
59.9,18.5
68.5,8.4
65.4,15.4
67.6,13.7
61.3,19.3
69.6,10.0
70.0,10.7
75.0,11.8
61.8,14.9
72.3,11.6
76.7,8.7
76.3,9.5
82.7,6.1
74.8,11.8
69.6,10.4
66.9,15.1
75.5,7.6
81.4,7.2
68.3,13.0
72.1,13.0
59.4,19.5
59.9,16.7
78.0,8.2
56.5,17.7
87.5,4.7
73.1,11.8
74.6,8.3
78.8,8.2
84.0,5.0
70.9,11.9
55.8,18.2
69.1,13.1
82.2,5.0
80.9,6.2
65.9,11.1
76.9,8.3
58.5,18.7
62.3,22.2
49.6,23.4
40.4,28.8
57.1,20.5
56.9,19.2
53.4,20.6
49.6,27.9
62.3,14.1
57.0,19.1
60.6,25.8
42.7,24.5
55.6,16.6
54.5,20.1
89.6,4.2
37.5,30.6
25.0,35.8
27.8,24.2
53.2,20.2
54.8,23.9
48.8,24.1
54.7,24.0
63.8,12.6
50.4,21.0
46.4,25.5
60.1,14.2
50.8,23.8
50.5,31.0
47.3,19.2
42.0,27.6
48.2,19.4
52.6,24.5
77.7,13.5
67.8,18.3
43.1,31.5
69.2,17.2
67.3,16.2
71.0,12.7
66.5,19.3
68.8,18.2
66.0,16.7
59.8,20.5
69.4,14.6
76.5,10.2
81.1,7.9
65.7,14.8
83.5,7.5
75.6,8.8
71.0,13.7
52.5,26.6
86.9,3.9
67.4,11.5
58.5,22.4
65.3,12.3
80.6,10.6
61.7,21.1
77.6,14.4
82.4,24.8
69.1,13.4
83.8,6.2
56.8,21.5
76.1,14.3
59.2,24.3
69.9,10.7
63.5,16.9
57.4,21.9
66.2,14.6
83.7,7.1
69.6,25.5
80.5,10.5
78.0,7.2
69.3,14.7
68.1,9.3
70.6,19.7
79.6,8.2
69.3,13.0
72.9,11.7
56.7,17.9
62.7,20.8
68.9,12.0
59.2,19.7
66.8,15.3
78.3,9.2
84.1,5.9
65.2,12.9
66.2,23.9
59.0,19.2
75.2,11.3
67.4,14.5
64.7,15.0
59.7,21.9
63.9,15.6
87.2,5.5
76.4,9.6
57.3,21.8
59.9,17.2
76.1,25.9
77.9,9.8
74.6,11.5
57.2,23.6
92.3,3.2
59.4,22.5
71.3,16.8
69.5,15.2
72.8,28.3
62.0,19.5
69.1,25.0
69.1,9.8
68.8,16.7
63.0,23.4
59.8,21.6
53.1,25.8
87.7,5.9
62.4,18.3
76.1,32.4
59.3,25.0
59.2,20.4
75.1,10.2
68.4,16.5
73.4,13.6
80.0,8.6
61.7,14.6
83.3,20.1
65.6,13.4
45.0,19.0
64.1,16.3
66.6,14.6
64.3,14.0
63.5,16.2
69.8,9.9
60.7,15.5
62.3,20.6
55.3,15.5
50.6,22.4
52.7,17.3
62.8,14.2
49.9,15.8
56.7,19.6
75.7,10.3
66.0,14.1
75.8,11.3
65.2,19.9
55.6,24.5
80.6,10.0
65.3,16.5
66.5,14.8
71.2,14.4
76.5,9.8
71.7,11.6
63.5,21.5
61.6,18.5
61.0,20.9
73.0,9.7
68.0,18.5
65.0,16.6
71.6,18.7
69.4,14.1
72.7,20.1
69.1,15.2
61.4,19.0
64.1,17.3
72.6,28.3
67.9,15.4
73.4,18.9
60.6,17.4
72.2,15.3
66.2,12.7
51.0,29.2
74.7,11.1
75.8,8.9
71.5,14.5
83.2,6.1
59.5,20.6
63.4,15.4
73.6,12.3
65.4,16.6
73.2,15.4
64.3,16.3
67.9,23.0
66.3,14.5
76.5,11.9
61.4,16.1
77.0,10.4
64.9,20.4
60.8,15.7
64.0,20.0
62.4,21.0
79.0,10.0
61.3,20.1
60.1,21.4
63.6,17.8
59.7,20.4
57.4,20.5
68.4,13.2
80.2,9.1
70.0,16.1
60.7,20.7
67.0,17.4
71.2,13.8
66.2,18.5
63.8,14.7
60.0,17.6
70.7,15.3
68.0,15.6
62.7,16.5
82.2,14.3
58.4,24.1
63.4,19.0
66.3,14.9
79.3,7.6
66.7,14.6
58.6,18.5
71.5,13.6
72.6,16.6
73.1,11.6
75.3,13.8
66.8,14.4
76.3,10.2
71.9,15.2
70.8,12.0
64.6,18.5
64.2,17.8
73.2,12.0
70.6,11.1
73.1,11.4
65.8,16.5
69.7,15.1
51.4,23.4
68.3,14.3
76.5,14.7
74.1,11.8
73.1,14.2
61.4,18.9
79.6,6.7
67.3,17.7
72.9,13.4
66.4,17.7
73.1,16.1
75.4,11.5
71.9,13.4
67.8,15.5
57.4,21.9
69.1,12.7
65.1,23.5
64.1,15.3
54.9,22.2
59.0,18.5
53.2,22.1
64.8,16.0
57.9,17.6
55.4,18.1
61.8,19.9
55.2,19.7
67.9,15.2
61.8,19.2
51.5,21.1
66.3,15.5
59.8,18.2
70.0,18.0
50.3,25.8
73.1,14.3
79.3,14.1
61.4,17.9
62.9,18.8
63.1,15.4
58.3,17.1
60.0,18.7
66.2,23.4
68.0,14.7
59.2,16.7
48.7,24.7
43.4,33.1
61.0,19.4
59.1,18.0
53.4,21.5
51.2,29.0
47.7,28.9
64.3,16.5
65.2,13.8
58.0,18.9
51.9,19.3
62.8,16.2
50.1,28.3
74.3,10.8
50.1,27.0
75.9,11.5
51.7,22.8
53.1,26.8
77.7,26.2
58.7,23.3
58.3,23.4
56.4,23.9
60.3,17.2
57.2,20.6
78.8,10.2
81.6,10.3
47.6,29.9
79.7,9.7
86.2,7.4
79.6,8.3
83.5,8.2
81.5,11.3
86.6,9.0
82.7,11.7
83.4,8.3
66.8,9.5
75.6,10.7
80.0,13.2
84.0,8.0
75.2,10.7
81.1,16.7
77.1,16.1
81.9,9.5
81.2,11.1
76.1,14.1
82.0,9.7
82.8,11.9
76.9,12.3
83.9,13.0
70.1,8.6
78.0,10.1
82.6,7.3
82.9,9.2
72.8,9.3
75.9,10.8
80.1,10.6
79.7,8.9
79.1,11.6
75.8,12.3
83.6,8.4
87.9,7.7
82.7,9.7
35.8,31.6
88.8,7.3
67.9,16.1
36.8,33.6
83.3,7.6
84.8,7.1
77.7,11.6
76.1,10.9
83.1,8.9
73.1,13.1
67.6,13.0
60.8,18.1
52.0,20.4
48.7,22.7
60.3,14.9
68.5,11.9
59.2,16.9
46.5,27.4
57.1,18.0
54.4,17.9
40.4,32.1
65.3,21.5
56.0,25.0
53.8,19.9
58.6,15.2
59.5,16.6
60.5,24.1
58.3,18.3
58.2,22.3
57.4,16.6
52.0,27.3
54.2,22.3
55.1,21.0
56.0,24.9
44.0,27.3
54.0,24.0
69.0,14.7
55.8,17.5
55.7,22.6
56.3,18.7
67.7,13.3
58.7,16.3
48.2,24.4
58.1,18.7
60.3,19.5
51.6,18.8
57.6,18.6
53.1,22.0
49.5,25.1
56.5,26.8
57.9,19.7
49.6,27.5
50.9,23.0
39.9,39.3
50.4,29.0
59.9,17.0
58.8,18.2
57.1,21.1
68.8,12.3
56.4,18.0
56.0,20.3
55.4,20.8
49.5,27.1
42.4,28.1
48.6,20.1
48.4,25.1
68.1,16.8
51.8,20.1
57.3,23.0
60.2,17.3
39.3,35.3
48.7,20.0
43.7,21.9
47.1,22.0
61.3,18.3
51.7,18.7
64.2,16.1
67.2,16.7
51.3,18.3
45.2,33.4
70.0,8.7
56.8,23.7
46.7,23.3
58.1,22.1
51.1,20.4
47.4,21.6
48.5,24.4
58.1,23.1
50.1,22.0
65.1,19.3
61.2,19.4
40.0,25.1
55.7,17.4
70.7,12.5
69.7,12.9
58.5,21.9
66.6,13.7
48.9,14.3
55.9,18.8
73.2,10.5
50.4,22.4
74.8,11.4
49.4,27.5
52.7,17.1
55.1,21.0
45.1,23.6
65.9,14.0
51.8,24.5
48.5,22.7
74.1,12.0
71.2,19.1
55.5,19.2
83.4,15.4
66.8,12.6
57.7,18.0
48.3,17.3
69.4,15.8
61.7,19.1
67.6,14.7
62.5,15.7
61.2,20.3
63.2,20.2
59.2,17.2
70.8,8.2
39.6,23.8
59.0,20.5
52.2,20.7
76.9,10.2
63.8,19.5
75.8,8.4
72.5,12.0
63.6,13.9
57.3,17.2
64.0,12.4
63.4,19.5
68.1,11.7
69.7,12.3
75.6,12.5
76.0,14.0
80.4,10.3
73.2,11.4
69.4,13.9
67.1,12.8
81.3,12.5
72.3,10.6
79.4,9.2
83.0,6.9
83.7,10.4
74.5,9.3
76.0,13.3
77.0,9.0
69.5,11.3
70.3,10.3
74.1,9.1
71.2,13.4
65.5,14.8
71.5,18.8
68.3,13.7
67.3,11.8
72.8,10.7
72.7,12.9
72.0,14.0
64.8,13.8
74.7,10.1
70.8,13.6
77.0,13.7
70.3,12.7
75.9,11.0
68.7,15.6
70.2,11.8
78.6,9.1
71.4,12.7
65.7,14.7
77.3,6.9
74.1,11.4
65.2,13.8
77.3,12.5
79.2,11.5
73.2,11.5
73.5,13.9
78.9,9.6
69.6,12.0
59.9,11.7
70.1,14.9
76.9,14.0
72.0,14.5
72.2,13.7
75.6,10.4
69.2,14.0
74.9,11.7
76.5,13.6
72.3,13.4
77.7,10.0
70.5,12.2
78.8,10.4
77.2,9.5
80.2,10.0
78.2,8.4
81.9,8.0
74.9,11.7
69.5,14.4
70.1,15.0
76.3,10.1
84.4,5.3
80.2,8.2
63.3,15.6
64.3,19.9
58.4,19.9
56.9,20.1
64.4,14.3
63.9,19.6
71.8,14.7
45.2,28.1
65.3,16.5
62.5,19.5
64.4,16.9
59.8,21.9
59.4,17.7
40.8,26.1
55.2,23.4
68.3,15.9
48.1,29.5
53.5,25.3
53.6,21.7
61.2,19.6
56.1,24.7
59.8,19.1
59.8,20.5
53.7,20.2
59.0,19.1
66.9,17.6
48.3,23.4
63.7,17.8
56.6,26.4
71.1,17.7
45.4,41.9
50.8,24.8
58.8,21.8
57.8,20.3
63.6,16.5
65.1,13.6
62.5,17.4
54.0,23.5
60.0,19.3
62.7,20.9
61.7,20.6
65.0,15.5
65.4,15.5
57.0,20.8
58.9,20.6
72.1,13.9
74.6,12.5
60.4,23.4
61.0,20.8
59.9,18.9
52.7,23.6
60.2,19.2
60.2,20.3
61.0,20.8
58.6,22.0
63.7,18.0
69.5,13.4
72.9,14.7
48.7,24.5
61.9,18.7
56.5,17.7
61.3,23.0
64.4,15.0
66.0,17.5
64.3,18.5
70.2,11.3
67.8,15.4
60.3,17.5
57.8,20.1
54.1,22.6
57.9,20.6
55.0,19.0
68.0,16.7
54.7,23.3
69.2,21.5
58.8,21.9
86.6,5.6
74.0,10.1
59.7,20.4
63.3,10.7
54.4,17.9
54.3,17.5
72.3,9.4
75.7,11.0
57.7,16.9
67.3,11.2
45.2,19.9
63.0,13.5
62.0,14.7
64.2,18.3
52.1,24.9
70.2,14.2
61.1,18.3
64.8,12.0
59.9,15.0
59.7,20.1
69.6,9.9
72.6,26.4
65.0,13.8
33.5,32.4
60.3,17.5
53.6,27.4
68.5,14.3
56.7,24.1
62.2,18.4
49.8,23.3
75.2,12.2
50.5,23.3
49.4,28.2
49.3,30.9
57.0,23.5
65.9,18.4
36.3,43.0
60.3,20.4
49.0,24.1
46.4,29.0
56.5,22.8
58.0,19.4
62.8,19.9
55.6,24.6
58.6,15.8
57.5,21.7
67.8,15.1
63.4,17.6
61.3,18.0
63.4,29.7
64.3,12.3
36.8,41.4
46.9,29.4
53.1,31.1
53.9,27.9
55.1,23.6
67.4,16.0
59.2,18.3
57.1,19.8
51.4,25.3
46.5,24.9
57.2,21.2
61.6,17.9
66.5,12.1
44.6,24.0
64.7,16.1
59.0,20.8
56.3,30.1
60.9,18.0
51.3,21.8
67.8,11.2
55.4,22.5
38.7,32.0
59.8,20.9
56.1,22.0
60.1,18.3
69.3,13.9
47.4,29.1
52.8,22.2
68.1,20.5
45.9,22.5
68.3,24.0
56.1,26.8
65.5,15.4
57.1,20.1
74.3,10.8
63.4,15.8
64.0,12.9
67.6,13.8
64.3,13.9
65.3,11.7
59.0,16.1
63.3,18.0
53.8,20.3
69.4,10.5
56.1,17.3
62.1,15.0
51.0,18.5
72.2,11.2
66.4,18.5
81.6,6.7
75.2,9.8
82.1,7.2
61.6,16.0
84.5,5.9
72.9,10.6
82.3,7.2
61.7,17.5
81.6,6.5
62.5,12.4
81.9,8.0
84.7,6.1
68.1,13.8
77.0,7.2
68.6,10.3
80.3,7.5
80.2,8.6
56.2,25.5
72.1,11.7
68.9,13.8
66.7,16.9
67.4,11.9
56.1,23.3
74.2,8.9
70.7,13.0
61.1,14.0
64.6,15.0
36.0,32.3
54.7,16.8
61.0,12.0
63.6,19.3
59.5,15.8
27.2,38.8
71.4,11.0
58.4,13.5
63.8,10.0
61.7,15.4
57.7,11.4
58.0,16.4
34.4,32.6
32.9,31.0
76.6,9.8
79.3,11.6
78.2,14.2
70.6,15.7
81.5,7.2
73.1,11.6
73.3,12.9
67.1,12.2
57.2,15.0
63.8,22.1
70.6,11.4
64.5,11.8
65.9,12.9
80.6,4.6
66.6,10.3
73.1,11.9
45.4,29.2
69.4,17.1
66.3,12.1
81.2,6.8
80.7,8.1
72.0,9.6
78.3,12.6
75.6,7.1
63.9,12.9
68.2,14.1
72.9,12.3
68.2,9.5
61.9,14.4
60.0,13.9
77.7,11.0
55.3,19.6
67.9,9.1
69.9,9.1
63.8,12.6
66.9,12.8
54.6,16.2
65.3,13.5
71.3,11.0
63.7,12.9
66.3,12.1
61.8,19.4
81.9,9.1
69.6,15.8
68.7,12.9
68.8,13.7
68.0,15.1
85.7,8.5
74.9,9.8
74.8,11.5
71.6,14.1
82.5,7.8
60.0,21.9
51.0,23.2
59.7,22.8
70.3,14.5
70.1,11.0
62.9,17.0
67.0,13.1
56.2,20.7
79.6,8.3
75.4,8.2
65.8,12.4
72.7,11.0
57.4,19.0
57.7,21.3
71.1,12.1
67.2,14.5
81.8,6.7
80.7,7.4
69.8,14.1
80.0,7.9
67.4,16.3
75.7,7.7
68.7,13.5
76.4,9.7
81.6,7.5
56.6,19.9
69.7,9.6
65.8,25.1
59.3,18.0
84.7,6.1
76.0,11.0
55.9,24.9
47.6,24.3
66.6,19.4
55.0,18.7
45.8,22.3
78.4,8.8
68.6,16.2
49.3,18.8
48.0,24.8
50.8,20.2
56.7,11.3
52.7,25.4
62.3,21.2
55.6,17.0
71.8,9.0
66.7,11.4
65.0,12.9
78.2,8.3
62.3,14.0
56.3,17.1
63.2,18.1
64.5,14.1
54.4,20.4
62.6,17.2
66.6,14.7
72.0,12.1
57.2,20.7
71.9,14.5
76.0,7.5
63.2,17.4
74.1,8.5
68.3,16.1
56.4,14.7
58.8,13.8
65.6,22.4
53.4,21.1
69.2,12.3
69.2,11.3
54.7,18.1
54.5,15.2
53.1,18.2
44.8,19.9
43.1,28.1
64.0,14.3
66.8,11.5
48.1,35.2
70.5,19.5
52.1,21.6
60.7,12.9
53.6,22.5
70.3,11.2
51.8,14.7
51.2,20.0
46.7,32.3
78.3,13.3
82.8,4.0
57.7,24.0
63.0,12.4
61.0,13.4
76.8,8.5
45.9,22.9
41.0,28.5
44.7,40.5
51.9,14.9
53.6,15.6
62.1,15.9
59.9,15.4
74.2,14.4
88.9,3.7
72.2,7.8
77.9,5.9
72.0,12.2
58.5,19.1
58.2,10.2
73.0,7.9
64.1,10.4
69.1,14.9
54.3,22.0
77.1,8.3
64.5,13.5
59.3,14.9
59.7,16.0
70.6,10.7
75.7,12.8
56.6,17.4
64.2,18.3
59.0,17.7
63.2,15.4
62.8,19.0
64.1,11.2
49.9,16.3
54.1,15.5
62.9,13.4
46.5,26.0
69.8,9.6
71.8,9.4
64.4,11.5
75.1,7.0
70.5,12.4
70.5,9.0
71.6,10.7
73.6,12.0
62.7,17.7
79.7,15.0
80.7,8.9
74.0,7.1
83.6,6.5
76.7,8.5
64.8,21.5
74.7,11.5
66.6,17.5
65.8,15.5
72.0,11.4
65.7,16.8
64.6,13.0
62.9,19.9
69.8,15.8
73.7,10.2
69.8,16.8
68.1,11.8
64.9,17.7
66.6,15.2
66.5,15.4
65.5,14.8
71.3,12.6
60.2,16.1
67.4,11.3
76.2,8.9
65.3,15.6
66.2,14.0
77.2,10.6
66.0,13.1
69.8,15.4
78.6,8.9
76.9,12.6
71.8,11.7
63.2,15.9
74.7,10.9
75.2,10.8
75.6,9.9
69.6,13.4
68.8,13.0
33.9,29.1
60.2,22.0
69.4,14.4
73.1,10.5
71.8,12.6
78.5,10.0
85.2,5.0
70.5,12.1
79.4,10.8
69.5,11.2
78.7,15.4
67.5,13.0
70.8,13.1
68.9,13.5
69.7,14.9
60.6,16.9
81.8,4.9
71.9,11.9
57.9,17.0
68.9,11.2
76.8,9.1
69.4,11.7
74.6,12.2
63.6,18.0
65.6,14.8
73.3,13.7
64.8,13.4
82.8,5.9
84.6,5.8
73.5,10.4
67.0,13.9
76.3,12.1
72.8,11.3
79.8,24.0
65.3,10.7
77.0,7.1
71.2,12.3
74.1,9.3
73.1,8.4
59.0,14.0
67.1,14.3
65.1,10.9
76.9,9.7
74.6,10.8
77.6,9.0
69.6,10.4
67.9,14.7
71.4,10.8
62.6,13.0
73.9,9.9
76.1,6.8
74.2,9.8
77.0,7.7
71.0,10.0
66.8,12.6
73.4,13.2
58.5,20.5
56.2,17.0
54.9,23.6
55.3,24.8
56.9,19.8
57.5,18.8
56.1,23.6
34.9,44.0
33.5,40.3
36.6,39.5
61.2,17.2
62.3,15.6
52.3,22.7
43.0,38.5
46.4,29.8
52.2,24.4
49.6,28.2
73.5,25.9
65.5,14.2
58.4,21.7
56.4,22.3
48.6,27.1
61.8,19.4
38.9,40.1
57.7,21.6
57.5,23.6
75.2,13.1
48.3,30.4
51.0,21.5
58.5,20.1
53.7,24.7
55.3,20.7
58.2,22.3
41.5,31.3
70.0,29.9
51.5,25.9
55.9,19.3
48.0,22.6
50.8,30.5
56.6,17.7
51.4,22.3
33.8,36.2
73.1,11.1
48.5,26.9
41.7,37.4
49.4,25.9
56.8,20.8
55.8,19.5
42.3,34.8
47.6,37.4
60.6,18.5
56.9,19.1
57.0,17.7
46.6,27.9
55.6,15.9
50.4,26.4
58.7,21.7
40.6,35.1
49.2,24.7
55.6,22.1
42.3,32.5
54.1,26.3
55.4,23.4
41.7,34.6
73.9,26.9
78.1,10.7
69.8,12.2
64.3,17.2
57.6,20.2
63.9,19.1
66.3,18.4
56.5,19.5
58.5,20.1
80.4,19.5
65.2,17.8
57.1,21.3
70.1,16.2
74.8,14.2
59.6,17.5
74.2,17.0
68.8,16.5
47.2,24.0
75.6,10.5
52.8,21.4
71.7,12.0
69.3,11.3
66.1,15.7
78.2,9.1
73.0,12.4
75.5,13.3
72.7,14.0
54.7,20.7
54.2,18.5
50.8,21.7
58.8,16.8
70.3,18.6
50.3,21.6
53.1,23.0
49.3,29.8
71.6,11.8
74.7,10.4
77.0,12.0
62.3,10.9
76.1,8.3
81.9,10.8
69.4,16.9
58.9,12.8
71.7,12.9
75.1,12.8
62.4,10.7
79.2,8.8
77.7,10.3
77.6,9.4
74.8,13.5
84.0,6.6
77.5,12.2
71.5,11.2
73.1,12.8
78.2,10.9
80.2,10.9
70.8,12.7
75.0,14.8
79.1,9.7
67.3,18.0
80.7,8.8
74.9,11.9
77.7,11.1
76.1,11.7
81.1,9.5
79.5,11.2
64.2,18.0
75.9,12.5
70.9,11.1
80.4,9.9
67.8,17.7
77.2,10.0
72.8,13.5
71.9,12.9
74.6,12.9
77.8,10.4
72.8,13.9
75.8,11.4
80.4,10.0
71.8,10.3
77.6,11.8
69.7,15.8
74.7,12.7
70.1,14.7
85.4,20.2
71.5,12.0
75.2,12.1
70.5,13.3
70.9,13.0
84.1,8.3
69.2,14.7
61.5,15.7
71.7,15.0
73.4,10.9
65.3,16.2
76.0,13.5
64.7,14.1
76.6,11.5
69.7,9.7
72.7,13.3
81.0,11.3
83.3,9.9
80.9,9.6
75.3,12.0
74.4,10.8
71.7,11.5
60.1,16.7
63.1,18.4
51.4,24.4
56.1,26.3
59.5,19.0
77.0,11.3
61.5,16.8
60.6,19.5
51.7,22.7
39.7,33.5
80.2,8.0
65.3,19.2
61.7,23.1
65.3,17.5
66.7,18.6
37.7,33.0
62.3,19.2
77.0,12.3
54.5,20.6
60.5,18.2
69.9,20.2
72.4,13.2
55.9,17.0
54.9,20.4
54.3,23.9
48.3,30.6
64.8,21.6
64.4,16.0
39.7,38.2
57.1,20.9
65.3,20.6
58.4,19.0
72.3,10.9
53.9,18.3
77.4,8.4
33.3,29.9
73.4,9.9
60.2,13.9
68.3,9.7
67.2,9.5
67.2,11.4
58.6,23.1
69.9,10.5
61.6,14.0
71.9,9.0
71.3,12.2
75.8,7.7
80.1,7.9
69.1,13.0
74.1,11.1
81.8,7.5
68.9,10.3
64.8,18.1
56.1,23.9
69.2,14.1
73.4,12.3
64.7,13.9
69.6,18.4
71.3,21.6
64.3,19.6
60.6,15.6
57.4,22.6
64.2,14.5
58.4,14.5
44.7,33.2
49.0,22.3
61.1,11.9
57.6,20.1
70.1,10.9
58.6,14.3
53.8,21.7
39.1,29.7
43.8,27.1
63.5,18.2
65.5,15.3
54.5,28.1
61.9,11.6
52.8,25.3
53.7,25.6
50.2,19.8
47.1,21.1
58.7,23.1
49.7,31.7
36.5,29.9
38.0,25.3
55.7,15.3
61.9,17.3
53.2,19.5
61.2,16.8
47.8,26.7
59.5,14.7
64.3,18.0
51.7,25.6
62.7,13.8
57.6,16.0
74.0,23.3
63.4,20.1
46.7,21.2
53.4,24.7
51.6,27.7
61.1,14.1
54.1,17.8
64.9,12.1
46.4,20.4
59.2,14.0
66.2,11.7
69.8,12.4
63.3,22.0
43.9,25.9
60.3,18.2
51.9,19.3
60.5,14.9
61.0,14.7
61.3,15.2
55.7,18.1
45.1,28.5
75.5,8.2
53.6,17.3
66.7,19.5
70.5,11.2
66.2,10.8
67.8,11.8
66.6,10.9
48.9,23.7
60.6,23.4
59.6,24.3
59.7,17.7
67.5,15.1
76.5,7.7
60.1,16.5
50.9,20.6
40.9,26.8
59.0,18.0
74.8,12.6
48.2,20.9
66.1,18.6
58.2,17.8
58.0,19.2
60.5,15.8
67.4,15.9
52.4,18.8
63.8,12.4
69.5,12.0
65.4,14.5
61.9,19.2
64.5,12.1
74.8,12.3
61.4,25.2
56.8,24.8
66.0,10.6
46.0,24.5
50.7,23.4
62.1,17.2
48.6,23.0
46.8,20.1
58.6,18.2
70.5,10.0
57.1,19.1
54.2,20.7
49.4,24.0
60.2,14.9
64.8,13.8
61.2,12.5
71.2,10.2
43.0,20.9
50.6,22.4
69.1,11.8
51.7,18.0
55.1,17.6
59.2,15.1
52.4,22.2
70.3,13.4
58.2,16.1
46.3,25.0
61.5,17.9
55.4,21.5
62.9,16.6
52.4,22.1
59.8,15.4
70.8,23.7
57.0,21.7
58.0,17.3
59.6,17.5
43.1,23.1
71.2,12.3
72.8,10.0
49.4,24.7
45.5,27.9
62.5,15.5
65.5,13.6
53.7,23.8
64.4,14.8
67.0,9.8
67.2,13.9
67.3,13.9
74.7,14.3
73.6,12.3
61.9,20.6
75.4,18.9
75.3,9.5
62.4,15.4
69.1,12.0
57.4,19.8
56.9,18.3
63.1,17.1
64.4,13.2
56.8,19.9
63.5,11.7
60.7,16.8
64.3,21.3
63.2,14.6
57.9,18.1
53.8,21.2
56.9,20.6
58.1,21.9
54.7,19.3
65.4,18.4
56.3,18.8
62.3,19.1
54.6,28.7
61.0,17.7
63.5,16.3
67.0,18.6
69.4,14.1
59.9,14.2
62.0,17.5
59.6,18.0
63.8,17.7
74.4,10.9
82.9,8.5
79.0,10.9
81.3,6.9
49.6,24.8
68.4,18.0
70.7,14.6
61.7,21.5
70.6,29.9
78.2,8.3
69.5,16.1
63.2,15.0
73.6,14.4
65.3,13.5
71.9,11.3
64.9,18.2
74.1,11.2
66.9,13.7
63.5,15.9
63.4,18.1
68.5,15.4
65.3,19.6
70.1,12.2
73.3,11.7
87.4,4.8
71.7,13.9
74.3,9.6
60.4,15.8
78.8,10.5
57.8,26.1
77.5,7.8
76.6,13.2
59.8,17.2
68.1,17.6
75.8,12.7
66.8,19.0
67.7,16.9
76.8,10.2
56.3,19.3
62.2,17.5
45.9,12.4
68.9,13.4
59.4,20.0
66.0,20.0
68.5,15.1
77.0,8.9
62.6,17.5
71.7,13.5
69.2,17.0
71.6,14.7
64.7,20.7
72.9,12.6
63.8,18.9
63.2,21.3
80.9,7.0
56.9,22.6
79.3,8.9
73.0,10.6
65.2,15.7
64.7,19.7
58.6,18.1
71.3,12.1
61.9,19.1
64.3,16.3
75.6,10.1
70.2,12.3
62.5,17.8
72.5,13.2
52.1,21.9
74.5,14.2
68.5,13.0
85.3,7.8
65.4,15.9
62.1,19.2
72.9,14.5
55.2,27.2
72.4,17.5
77.4,10.7
70.4,14.9
70.9,13.4
63.8,17.2
67.7,13.4
79.3,7.7
71.4,10.1
56.2,23.7
83.8,5.8
66.4,15.7
69.3,13.9
71.4,14.2
81.8,13.5
77.1,10.0
38.6,27.2
68.1,16.6
47.3,21.8
71.4,10.5
64.4,15.0
65.1,18.4
57.6,19.1
51.1,23.5
64.4,15.8
62.1,16.8
73.3,12.5
74.4,23.3
67.7,15.4
78.9,10.8
76.9,13.1
72.3,13.8
73.9,11.7
70.9,13.6
71.2,14.3
70.6,15.0
69.0,12.9
83.4,6.6
81.0,8.9
72.3,15.3
71.1,14.2
71.8,13.0
83.5,17.9
82.4,7.3
70.6,15.1
66.2,16.5
69.3,17.4
77.6,14.3
64.9,14.9
81.4,9.1
72.4,13.4
76.0,11.0
75.0,10.5
69.6,16.4
65.5,20.2
68.2,21.9
72.6,11.9
70.9,13.3
71.4,16.5
70.5,15.1
73.2,17.0
67.8,13.3
69.6,12.3
72.5,15.4
70.6,10.5
68.4,13.2
71.2,10.9
70.0,12.8
70.8,15.8
71.9,16.0
70.4,16.6
69.5,14.6
63.3,16.3
70.6,13.3
83.4,7.1
77.6,11.2
77.1,10.0
71.8,15.9
76.2,8.7
55.7,25.8
72.5,10.6
67.2,14.3
71.6,13.5
70.1,13.1
72.3,13.5
74.2,14.4
71.5,12.8
69.5,16.3
73.0,13.4
67.3,16.2
73.5,14.1
77.7,10.7
69.9,13.9
77.0,10.1
73.3,10.9
75.1,10.2
80.8,8.0
78.3,9.3
79.0,9.5
63.9,18.3
81.7,10.4
56.6,21.4
65.2,16.6
47.9,39.9
63.0,16.7
47.1,29.7
54.8,27.0
66.7,12.9
66.7,13.7
60.8,19.3
68.4,16.8
56.4,22.3
54.9,22.5
52.7,26.4
52.0,27.0
48.8,23.0
55.5,25.3
45.2,29.8
70.3,12.8
65.0,17.5
52.4,23.1
59.7,19.5
56.3,19.6
66.7,14.7
61.2,16.2
61.3,14.0
53.5,16.0
61.2,17.3
56.1,16.3
34.8,34.5
51.7,23.9
74.1,8.6
54.8,19.1
42.0,19.4
63.5,10.7
53.2,20.1
64.6,22.0
65.3,13.5
43.6,20.7
69.3,14.9
46.8,22.6
50.6,19.3
64.0,16.0
70.6,9.2
52.0,19.7
58.6,26.5
65.2,15.3
77.7,14.8
44.9,20.9
64.5,9.5
63.1,13.7
43.8,24.1
52.4,12.4
54.9,20.2
52.5,19.2
55.7,20.0
61.3,18.0
58.4,22.1
38.9,25.0
58.1,19.4
43.6,26.0
46.0,19.9
57.7,12.8
57.8,22.5
65.6,11.0
47.3,23.4
60.4,21.8
55.5,23.7
59.5,17.1
66.5,10.9
61.9,15.4
49.7,23.7
74.0,8.8
52.1,16.4
61.5,16.7
47.2,26.0
45.4,14.0
68.1,14.3
51.6,28.0
63.1,12.5
70.4,15.3
49.1,18.3
59.6,14.2
62.2,15.3
57.8,18.2
60.5,18.6
71.3,10.4
52.6,24.0
42.6,24.5
61.7,16.2
65.3,12.7
58.0,18.7
65.9,12.9
54.7,17.3
60.7,17.1
72.1,10.5
54.0,25.1
72.7,17.5
64.3,8.9
54.3,20.2
32.6,33.5
54.0,21.8
57.5,14.4
64.9,12.4
55.2,20.3
53.6,25.9
61.5,17.5
34.9,26.7
58.9,20.5
60.9,13.9
71.3,8.6
60.7,14.9
66.8,14.7
56.3,17.7
56.3,13.1
54.7,21.2
48.4,22.5
53.0,20.2
61.2,13.3
56.4,23.4
59.2,22.3
75.6,8.3
58.3,17.6
56.3,18.5
52.7,21.0
56.6,22.8
56.0,21.3
55.7,18.6
48.4,22.6
64.4,14.4
41.2,28.1
66.4,13.8
65.6,13.0
54.8,13.5
53.5,17.4
50.8,19.6
67.6,10.6
61.7,15.5
59.0,14.9
63.8,17.7
49.6,18.3
58.2,18.9
62.4,19.7
57.4,21.5
50.0,23.1
59.9,12.5
54.4,14.8
52.0,22.1
36.4,26.5
65.2,14.3
49.5,22.7
67.6,9.9
63.0,18.3
68.4,17.1
63.6,20.7
57.5,14.8
68.4,10.9
59.4,14.6
56.7,18.6
58.2,22.7
51.7,20.3
58.5,20.2
54.5,17.9
56.2,16.8
61.0,10.7
70.3,15.6
62.8,16.0
52.2,18.6
63.0,15.5
69.8,9.9
55.5,14.6
64.1,17.8
51.4,18.5
52.5,21.5
35.2,21.8
55.2,14.9
73.4,9.7
56.2,11.2
46.3,18.7
53.9,20.1
53.9,24.8
58.5,16.9
55.0,19.0
58.9,18.1
56.4,16.6
47.7,19.0
43.9,23.9
54.2,18.6
58.1,15.8
64.0,20.3
59.5,13.6
64.9,14.1
62.1,13.1
48.7,22.0
61.1,13.4
60.9,18.1
63.3,12.1
23.4,35.4
54.6,20.8
56.1,15.5
60.5,13.2
55.8,20.9
62.7,15.2
63.8,15.9
46.4,21.2
56.4,14.2
54.7,20.6
63.2,15.6
52.2,19.9
59.2,19.3
60.5,14.6
57.0,14.3
49.4,22.1
49.5,22.2
56.2,15.9
61.2,15.8
69.8,26.3
55.9,16.1
69.8,13.5
65.2,15.4
67.6,20.6
63.1,19.2
60.4,19.0
62.0,18.3
50.7,22.1
67.2,14.4
68.3,15.6
58.1,22.1
52.1,22.1
66.0,16.5
64.1,19.6
73.9,10.6
75.4,14.6
56.0,19.4
56.1,18.4
72.7,13.4
62.1,18.6
70.4,14.3
71.9,15.7
66.8,20.0
69.1,16.6
50.7,22.2
65.5,17.0
58.8,20.4
60.6,16.1
63.2,18.0
59.9,15.0
59.8,17.4
43.5,32.2
66.4,13.9
63.1,15.8
63.4,16.1
50.2,20.7
48.3,23.3
66.0,14.3
74.0,20.2
48.8,23.9
78.6,10.2
51.6,22.3
45.7,28.7
76.1,11.6
61.6,17.6
71.3,21.6
64.2,18.9
81.8,6.9
62.3,18.1
72.3,15.9
63.6,18.6
67.7,11.6
61.5,18.3
72.9,15.3
52.3,21.5
46.7,25.1
84.0,6.8
58.0,21.7
76.0,13.1
64.3,20.3
76.0,9.6
70.9,16.3
57.9,18.2
48.3,16.3
60.5,20.9
54.2,28.2
62.2,16.6
58.0,19.0
60.3,16.2
63.1,17.7
54.8,18.7
52.1,21.5
59.7,17.5
69.4,12.8
52.9,25.5
52.1,26.4
59.5,17.8
69.8,15.5
48.6,22.7
55.5,28.8
75.2,15.1
29.9,30.6
43.0,25.2
69.3,11.7
68.9,12.7
66.9,14.3
53.1,19.4
78.8,10.8
77.3,11.7
62.7,17.1
78.8,8.0
65.8,13.6
77.5,13.9
33.0,31.8
60.6,20.1
66.5,14.4
61.6,17.6
75.5,10.4
68.9,14.6
64.8,19.6
71.5,18.9
81.9,6.3
54.5,15.4
76.4,13.0
70.3,14.5
66.6,14.7
66.9,18.9
82.6,7.2
71.5,13.2
71.1,15.9
64.5,15.4
70.1,14.2
66.4,16.6
77.9,7.7
62.2,16.3
74.2,11.4
79.9,18.7
70.0,13.7
72.6,13.3
68.5,14.6
71.0,12.9
73.6,10.4
74.0,12.3
59.6,14.5
61.3,17.9
63.9,16.4
56.8,20.5
53.2,25.0
59.4,20.9
58.3,19.8
59.3,18.8
50.8,27.7
54.0,25.6
62.7,15.7
64.0,13.9
57.5,20.5
70.1,12.2
55.5,18.8
76.5,9.7
65.2,14.7
57.8,19.9
65.0,16.2
66.5,13.9
51.8,21.0
56.0,23.2
55.3,18.5
58.4,21.1
50.7,24.3
66.6,16.4
65.6,17.6
71.4,11.2
65.4,11.0
63.0,16.9
68.1,13.8
49.0,27.7
50.6,25.9
65.3,19.7
60.4,15.4
60.9,16.7
65.5,15.6
49.8,20.6
64.6,15.9
53.7,28.3
65.3,17.3
54.2,23.5
64.5,20.5
61.6,15.2
64.4,12.9
54.2,25.8
60.7,19.5
50.3,25.7
61.7,20.3
49.7,27.8
68.6,15.0
63.0,19.9
48.5,32.4
49.2,29.8
72.4,19.8
52.7,19.3
46.2,31.1
71.9,12.9
54.5,31.2
59.7,16.7
61.6,18.0
67.3,16.9
61.5,17.7
57.5,21.7
59.7,21.5
61.9,16.4
70.0,13.8
72.2,14.3
45.2,34.2
59.2,18.5
54.2,23.0
65.5,18.1
65.2,18.3
58.9,18.4
65.9,16.9
73.7,14.6
73.6,11.1
66.4,13.0
73.4,11.8
65.3,20.0
65.7,15.5
86.4,4.9
81.4,6.9
73.1,10.0
82.3,6.4
67.4,15.5
68.3,16.8
71.7,10.7
70.3,14.9
73.7,10.3
65.1,19.9
68.1,16.2
65.9,17.5
76.4,10.2
66.2,17.4
70.2,12.0
43.1,10.9
64.7,17.6
66.2,17.9
66.2,12.5
64.7,16.7
59.1,21.3
65.7,10.9
68.0,13.5
65.3,17.1
76.6,24.0
67.1,12.3
72.2,11.5
66.1,11.5
70.4,11.1
74.2,11.1
62.6,18.0
62.3,15.4
62.1,17.5
72.7,15.5
73.0,11.3
77.3,10.0
80.6,10.7
65.6,14.2
73.9,13.5
60.9,16.1
75.1,10.7
66.7,14.4
68.4,17.2
65.6,17.6
69.2,11.8
77.9,9.3
65.6,15.5
70.2,12.8
63.7,16.9
61.4,17.4
75.1,22.1
71.6,9.5
67.7,13.8
68.4,17.7
68.8,13.9
63.7,20.2
70.6,15.2
77.8,9.9
79.9,8.2
65.0,16.2
59.8,17.8
72.7,10.7
71.6,11.2
75.9,9.4
75.5,10.3
75.2,12.2
72.2,12.4
65.2,17.5
73.0,11.1
80.5,8.8
75.7,14.5
78.7,10.4
86.0,7.6
77.5,10.7
70.7,12.4
79.6,9.9
74.3,13.7
80.6,9.9
68.6,13.1
81.4,7.9
73.8,12.0
78.5,9.6
75.7,9.8
67.2,14.4
74.2,11.5
74.2,10.8
74.3,12.9
67.8,11.6
85.2,6.2
57.2,15.4
62.2,21.3
80.1,8.9
69.8,15.7
77.2,7.4
61.8,23.8
51.4,32.3
57.2,28.2
49.5,25.4
41.8,33.7
40.5,29.8
53.8,24.5
47.9,28.6
46.3,24.5
61.9,18.1
51.8,27.1
62.4,19.5
44.7,31.7
54.7,28.1
59.5,15.1
51.6,25.9
59.8,20.0
68.9,15.6
50.2,28.8
52.9,28.9
56.9,30.2
53.3,25.5
56.1,22.8
43.4,38.9
63.2,16.9
54.4,20.7
51.8,30.7
55.2,26.7
60.5,23.2
48.9,22.6
63.9,18.1
79.2,9.8
72.8,12.3
72.3,13.1
76.1,11.6
58.4,14.9
71.2,17.4
71.6,13.4
56.2,15.7
65.8,15.0
68.6,10.6
67.9,15.6
62.9,16.2
70.0,15.5
51.5,16.7
61.7,14.8
58.0,18.0
78.4,11.5
61.6,15.6
62.0,16.6
68.5,15.7
68.7,14.4
69.1,10.8
67.4,15.1
56.9,15.9
50.5,17.1
63.1,16.3
68.0,11.5
50.8,15.7
67.8,12.9
80.5,19.9
63.2,18.2
56.4,13.7
51.1,14.1
76.0,27.1
55.7,16.8
69.8,14.6
74.6,13.9
48.7,23.6
59.4,14.2
60.6,15.7
59.9,18.9
67.5,11.6
65.0,14.5
59.7,11.7
54.7,17.8
68.1,14.2
39.5,35.6
68.1,16.2
71.2,10.2
77.6,14.2
70.1,13.1
70.3,12.1
70.5,12.6
69.9,13.2
77.3,22.6
70.2,14.4
63.6,13.9
62.2,13.6
80.2,9.9
69.2,22.9
61.5,17.1
68.1,15.2
68.1,12.2
73.3,14.7
72.5,10.9
64.6,10.0
79.0,7.9
67.2,15.1
69.3,11.6
79.6,6.3
53.3,24.4
67.8,17.4
51.5,19.7
66.6,19.4
58.7,19.3
56.1,17.8
44.2,26.2
54.8,24.4
65.2,13.4
60.3,15.3
61.5,16.8
54.8,35.3
58.0,18.8
73.7,9.5
55.6,21.4
53.3,19.0
69.1,13.7
69.3,17.2
48.5,25.3
67.6,13.5
55.5,18.2
45.8,24.8
43.3,26.4
44.9,34.6
52.2,30.4
65.1,14.5
58.4,21.3
46.9,23.9
57.4,25.4
73.5,11.8
69.5,17.2
58.6,17.9
60.5,21.9
58.5,24.5
66.3,18.6
54.9,27.6
54.3,23.3
49.2,34.1
59.0,19.7
56.5,25.9
51.2,23.6
52.6,25.1
46.6,32.6
66.2,14.8
54.3,22.4
66.2,15.0
53.2,18.7
62.4,21.9
60.6,19.4
80.6,7.9
62.2,15.8
72.3,10.7
60.9,21.7
68.0,12.3
54.2,18.9
65.2,13.7
54.2,23.9
61.9,18.9
48.8,29.5
50.8,20.6
41.8,36.3
56.6,26.0
62.2,17.3
51.7,20.1
52.0,26.2
51.1,26.4
54.3,27.4
59.1,20.9
41.3,39.4
49.3,33.9
76.1,12.8
79.5,17.9
81.5,8.9
73.1,12.1
87.5,4.8
61.7,15.7
68.5,11.5
80.1,6.2
78.8,13.3
57.6,17.8
73.9,10.4
70.6,12.9
70.1,10.9
82.2,7.3
81.8,7.6
77.9,9.6
72.1,13.5
74.8,11.6
70.3,12.5
77.2,9.6
73.5,10.5
75.4,13.0
76.7,8.4
67.9,12.2
75.0,7.8
69.6,14.7
80.4,9.8
64.6,13.8
70.7,11.5
73.8,9.9
62.3,15.3
78.6,10.4
71.9,10.5
69.4,10.7
78.7,8.9
78.6,10.2
76.7,11.5
77.3,7.9
47.9,19.6
76.8,9.6
72.5,12.2
75.7,10.0
69.7,12.0
71.3,11.8
73.4,12.1
76.2,9.6
80.7,10.2
67.3,13.0
70.3,13.4
80.4,9.8
74.7,11.2
75.5,9.3
68.4,17.5
69.1,12.2
72.5,12.7
76.8,10.4
68.8,16.5
72.9,9.2
71.6,12.4
76.2,11.3
78.4,13.0
73.8,9.6
80.4,9.2
74.0,17.0
85.5,5.5
82.3,7.2
76.6,9.2
77.9,13.4
76.1,10.9
84.2,14.2
72.0,10.8
66.1,17.8
75.8,12.2
77.8,7.3
62.5,15.8
77.0,10.1
85.7,6.0
69.4,10.4
79.1,10.3
78.2,15.8
81.3,6.0
74.5,11.2
46.8,32.9
53.7,21.8
46.1,23.2
53.6,23.6
56.3,25.6
42.8,34.0
50.6,25.0
53.6,17.9
54.1,24.7
50.6,24.2
37.9,42.6
55.1,22.4
52.9,28.4
42.7,35.0
48.7,26.0
50.5,26.5
72.7,10.1
56.5,26.4
44.8,26.8
69.2,16.8
68.0,14.7
48.8,25.6
70.6,15.5
47.1,33.7
40.3,34.9
57.7,18.0
53.3,24.7
54.3,25.9
41.5,35.0
46.5,33.0
47.0,30.1
49.1,34.4
55.7,27.6
67.4,14.1
60.1,16.9
70.1,15.4
65.2,17.5
42.5,47.0
63.9,16.9
68.2,19.7
44.6,30.2
65.5,21.8
68.2,13.1
39.2,40.6
63.6,18.6
67.9,12.6
51.2,27.1
66.0,17.6
51.8,25.2
55.3,26.2
59.6,20.8
47.3,30.4
60.5,21.6
68.5,12.7
55.3,19.4
59.9,19.7
85.1,5.5
66.0,17.4
35.9,45.1
67.0,15.6
48.3,27.5
53.1,27.4
52.9,26.7
60.1,26.0
55.8,23.0
55.3,24.1
61.2,23.4
50.7,26.3
75.4,10.9
71.6,12.8
61.9,15.0
78.9,8.8
55.7,26.7
52.5,19.3
62.3,15.8
66.7,16.2
60.9,18.9
68.2,18.3
68.7,19.7
50.2,26.2
62.7,17.3
48.5,29.8
39.3,36.2
75.7,11.2
56.5,22.0
58.0,22.5
71.5,13.7
58.7,17.8
51.6,25.5
59.6,18.9
35.2,37.3
49.4,22.9
46.2,28.5
70.2,13.0
46.4,28.1
41.2,26.5
78.8,9.5
45.0,26.1
73.5,12.5
57.5,19.9
46.7,32.5
62.3,16.4
67.7,11.8
48.9,27.7
61.3,20.4
56.1,25.9
48.3,30.4
48.9,31.7
64.9,14.2
50.5,29.9
40.2,27.1
70.2,11.0
52.9,21.4
43.4,32.7
52.1,26.6
52.2,19.6
80.4,6.9
57.5,15.8
59.0,20.6
54.0,20.0
49.6,24.9
40.5,26.5
51.6,25.9
50.4,27.3
65.6,29.5
61.1,16.9
62.1,13.0
48.4,28.5
69.3,18.7
49.2,26.7
55.9,28.2
64.4,23.2
43.9,21.7
48.4,28.8
70.8,11.9
66.3,31.4
50.0,31.1
60.9,21.3
45.2,38.5
66.5,16.6
71.9,12.0
44.0,29.1
60.2,22.9
69.1,12.6
56.4,29.5
63.8,17.9
80.6,18.8
49.3,21.1
67.1,37.8
66.2,17.5
74.0,25.2
69.5,13.6
54.7,31.4
59.1,32.1
74.3,14.2
60.1,25.6
64.9,20.2
59.4,22.0
62.4,19.6
52.4,25.3
48.1,35.1
63.5,22.5
65.8,15.0
48.9,46.9
58.0,25.0
67.3,26.4
59.6,20.4
59.7,20.9
69.7,14.3
80.5,9.6
46.5,38.1
59.9,22.5
61.1,21.3
71.8,18.0
62.4,23.5
59.8,18.5
41.2,33.7
58.8,20.1
69.1,9.9
69.5,10.0
35.2,23.8
65.0,20.5
36.8,17.5
75.0,9.5
60.4,9.8
75.3,7.9
60.7,11.5
64.7,12.4
58.4,8.3
63.3,10.7
35.8,26.1
64.1,11.5
57.7,21.3
33.4,23.2
68.1,8.6
56.1,13.8
64.4,9.9
32.0,25.7
31.5,33.1
64.7,18.7
61.1,21.3
52.0,24.4
55.7,20.0
66.3,18.6
69.6,10.3
50.3,22.8
63.1,17.1
50.5,20.8
40.1,28.5
61.0,18.7
61.6,17.6
49.5,23.6
59.7,15.6
51.6,22.6
57.3,22.1
53.1,23.8
58.8,17.6
49.6,24.5
64.3,17.4
61.1,19.7
58.9,21.1
53.4,27.8
70.4,13.8
61.6,24.6
47.1,30.1
49.8,31.4
63.4,19.4
63.5,17.5
52.0,30.8
67.6,19.5
69.5,16.1
54.7,20.6
62.6,17.7
59.0,23.2
58.3,19.6
51.8,28.3
71.0,14.6
77.9,10.8
69.8,15.1
36.6,34.8
80.7,15.2
81.2,14.1
77.2,11.8
71.6,14.8
62.1,15.8
56.8,24.0
74.9,13.8
74.5,24.9
76.5,10.3
32.0,38.6
72.2,10.7
79.2,12.3
65.4,16.3
78.4,10.1
29.6,27.2
71.7,11.6
81.2,10.5
67.4,17.0
80.1,13.2
78.0,10.0
66.0,18.3
76.0,12.0
79.5,10.4
79.3,10.0
83.3,8.1
77.5,11.0
75.5,13.2
43.7,33.9
75.5,14.9
80.0,10.1
78.6,9.5
70.4,13.6
88.0,4.3
55.0,24.9
80.6,10.0
73.8,17.0
76.0,12.0
73.4,10.4
35.6,33.2
75.8,12.4
76.5,11.5
71.7,12.3
69.1,14.1
72.1,15.2
77.2,11.0
56.7,20.4
78.6,14.7
69.9,11.7
74.6,8.8
78.6,6.3
22.3,47.4
63.7,19.9
78.2,10.2
84.8,6.3
68.3,15.9
75.2,13.8
64.3,15.6
59.9,19.1
54.5,21.4
54.2,28.5
68.7,14.7
63.6,17.5
54.8,22.7
62.2,16.4
60.1,20.8
57.9,24.6
66.9,12.7
61.4,20.1
61.0,24.0
49.6,24.0
51.1,27.8
62.1,16.8
56.4,19.0
60.2,16.6
73.4,11.8
58.7,17.5
69.6,12.1
57.0,19.9
70.2,16.5
58.2,17.5
62.0,16.2
77.4,8.5
67.6,14.0
67.9,11.6
56.6,20.6
76.1,11.7
76.7,11.3
68.4,15.8
69.1,30.4
72.5,11.0
63.8,19.5
76.0,11.6
76.8,10.7
66.7,15.9
68.4,10.7
68.0,14.7
82.6,5.4
63.2,19.3
73.8,9.5
69.5,13.6
62.1,18.1
74.2,10.9
71.8,11.9
73.0,12.6
74.5,23.6
78.8,6.9
80.4,14.3
66.8,16.3
70.7,12.9
71.8,13.1
59.7,18.6
75.8,10.7
65.5,14.8
57.3,20.7
75.7,10.1
78.7,9.6
83.4,5.1
69.2,17.0
69.5,15.1
66.5,11.8
75.0,11.4
68.1,16.7
68.1,16.7
82.3,7.4
63.9,15.2
62.5,19.7
54.6,23.0
75.2,8.9
72.0,13.8
67.6,14.6
69.0,16.3
65.5,19.1
55.0,21.0
72.3,15.3
61.7,13.2
68.2,12.0
70.8,11.7
73.7,11.9
63.4,14.1
76.8,9.1
60.1,17.9
63.4,19.0
71.5,14.8
69.5,13.5
72.7,10.2
69.0,14.9
65.5,14.1
67.4,12.2
77.6,8.1
66.6,15.8
64.4,16.9
80.7,6.3
61.8,15.4
66.9,15.2
74.8,11.8
62.4,12.8
61.7,15.0
82.0,7.2
66.7,12.9
72.2,10.9
66.2,13.8
70.9,10.6
68.0,14.5
68.7,12.6
61.7,18.0
57.9,13.8
76.2,11.7
68.8,13.1
68.5,10.1
68.2,22.2
78.8,8.0
59.8,13.9
57.2,16.4
74.6,11.6
80.3,11.5
69.2,11.3
68.2,14.4
69.0,12.7
72.7,12.1
70.9,11.7
75.1,13.2
82.9,6.7
74.4,12.4
71.8,9.4
79.4,8.4
78.1,11.7
72.1,11.0
71.8,13.3
74.4,12.1
75.8,10.1
75.0,10.9
81.0,7.5
74.1,11.3
76.1,11.2
66.1,16.9
81.2,15.9
77.7,11.6
69.7,13.5
80.0,9.6
68.1,17.7
78.1,9.3
75.0,11.1
71.2,16.0
78.7,7.9
80.4,8.8
74.7,12.9
81.2,11.1
70.8,13.0
76.7,9.7
73.4,11.5
70.3,14.3
71.8,11.7
67.9,19.3
74.9,11.4
73.8,10.3
74.2,9.1
69.0,14.6
76.3,11.5
78.8,7.6
73.7,12.9
74.6,13.1
70.5,12.3
77.1,12.1
70.4,16.6
77.6,10.8
75.2,12.2
75.2,9.6
80.2,7.5
86.7,19.5
75.2,12.9
68.3,13.1
71.4,12.8
65.1,14.4
67.9,16.7
81.4,6.3
71.7,10.2
65.1,16.7
68.9,16.3
82.0,10.4
83.5,9.4
67.5,15.2
74.0,11.0
71.9,12.0
66.0,18.2
67.7,14.3
69.3,17.4
73.8,12.4
66.2,17.8
65.8,18.4
66.7,17.3
76.6,11.3
72.9,13.2
62.5,16.4
79.7,11.5
75.3,13.0
80.2,10.9
71.6,14.0
73.0,10.9
74.6,11.4
69.0,15.0
67.8,13.9
74.0,11.1
69.8,15.0
79.3,19.4
68.1,10.5
66.0,17.4
80.0,13.0
78.3,12.4
64.5,18.8
62.0,15.0
75.9,13.3
76.1,13.9
